年,月,日,星期,农历年,农历月,农历日,年干支,属相,闰月,月干支,日干支,节气,节气时间,公历节日,农历节日,特殊节日,数九数伏
2099,1,1,星期四,2098,腊月,十一,戊午,马,0,甲子,戊戌,,,元旦,,,二九第三天
2099,1,2,星期五,2098,腊月,十二,戊午,马,0,甲子,己亥,,,,,,二九第四天
2099,1,3,星期六,2098,腊月,十三,戊午,马,0,甲子,庚子,,,,,,二九第五天
2099,1,4,星期日,2098,腊月,十四,戊午,马,0,甲子,辛丑,,,,,,二九第六天
2099,1,5,星期一,2098,腊月,十五,戊午,马,0,乙丑,壬寅,小寒,9:38:43,,,,二九第七天
2099,1,6,星期二,2098,腊月,十六,戊午,马,0,乙丑,癸卯,,,,,,二九第八天
2099,1,7,星期三,2098,腊月,十七,戊午,马,0,乙丑,甲辰,,,,,,二九第九天
2099,1,8,星期四,2098,腊月,十八,戊午,马,0,乙丑,乙巳,,,,,,三九第一天
2099,1,9,星期五,2098,腊月,十九,戊午,马,0,乙丑,丙午,,,,,,三九第二天
2099,1,10,星期六,2098,腊月,二十,戊午,马,0,乙丑,丁未,,,,,,三九第三天
2099,1,11,星期日,2098,腊月,廿一,戊午,马,0,乙丑,戊申,,,,,,三九第四天
2099,1,12,星期一,2098,腊月,廿二,戊午,马,0,乙丑,己酉,,,,,,三九第五天
2099,1,13,星期二,2098,腊月,廿三,戊午,马,0,乙丑,庚戌,,,,小年,,三九第六天
2099,1,14,星期三,2098,腊月,廿四,戊午,马,0,乙丑,辛亥,,,,,,三九第七天
2099,1,15,星期四,2098,腊月,廿五,戊午,马,0,乙丑,壬子,,,,,,三九第八天
2099,1,16,星期五,2098,腊月,廿六,戊午,马,0,乙丑,癸丑,,,,,,三九第九天
2099,1,17,星期六,2098,腊月,廿七,戊午,马,0,乙丑,甲寅,,,,,,四九第一天
2099,1,18,星期日,2098,腊月,廿八,戊午,马,0,乙丑,乙卯,,,,,,四九第二天
2099,1,19,星期一,2098,腊月,廿九,戊午,马,0,乙丑,丙辰,,,,,,四九第三天
2099,1,20,星期二,2098,腊月,三十,戊午,马,0,乙丑,丁巳,大寒,3:01:46,,除夕,,四九第四天
2099,1,21,星期三,2099,正月,初一,戊午,马,0,乙丑,戊午,,,,春节,,四九第五天
2099,1,22,星期四,2099,正月,初二,戊午,马,0,乙丑,己未,,,,,,四九第六天
2099,1,23,星期五,2099,正月,初三,戊午,马,0,乙丑,庚申,,,,,,四九第七天
2099,1,24,星期六,2099,正月,初四,戊午,马,0,乙丑,辛酉,,,,,,四九第八天
2099,1,25,星期日,2099,正月,初五,戊午,马,0,乙丑,壬戌,,,,,,四九第九天
2099,1,26,星期一,2099,正月,初六,戊午,马,0,乙丑,癸亥,,,,,,五九第一天
2099,1,27,星期二,2099,正月,初七,戊午,马,0,乙丑,甲子,,,,,,五九第二天
2099,1,28,星期三,2099,正月,初八,戊午,马,0,乙丑,乙丑,,,,,,五九第三天
2099,1,29,星期四,2099,正月,初九,戊午,马,0,乙丑,丙寅,,,,,,五九第四天
2099,1,30,星期五,2099,正月,初十,戊午,马,0,乙丑,丁卯,,,,,,五九第五天
2099,1,31,星期六,2099,正月,十一,戊午,马,0,乙丑,戊辰,,,,,,五九第六天
2099,2,1,星期日,2099,正月,十二,戊午,马,0,乙丑,己巳,,,,,,五九第七天
2099,2,2,星期一,2099,正月,十三,戊午,马,0,乙丑,庚午,,,,,,五九第八天
2099,2,3,星期二,2099,正月,十四,己未,羊,2,丙寅,辛未,立春,21:08:57,,,,五九第九天
2099,2,4,星期三,2099,正月,十五,己未,羊,2,丙寅,壬申,,,,元宵节,,六九第一天
2099,2,5,星期四,2099,正月,十六,己未,羊,2,丙寅,癸酉,,,,,,六九第二天
2099,2,6,星期五,2099,正月,十七,己未,羊,2,丙寅,甲戌,,,,,,六九第三天
2099,2,7,星期六,2099,正月,十八,己未,羊,2,丙寅,乙亥,,,,,,六九第四天
2099,2,8,星期日,2099,正月,十九,己未,羊,2,丙寅,丙子,,,,,,六九第五天
2099,2,9,星期一,2099,正月,二十,己未,羊,2,丙寅,丁丑,,,,,,六九第六天
2099,2,10,星期二,2099,正月,廿一,己未,羊,2,丙寅,戊寅,,,,,,六九第七天
2099,2,11,星期三,2099,正月,廿二,己未,羊,2,丙寅,己卯,,,,,,六九第八天
2099,2,12,星期四,2099,正月,廿三,己未,羊,2,丙寅,庚辰,,,,,,六九第九天
2099,2,13,星期五,2099,正月,廿四,己未,羊,2,丙寅,辛巳,,,,,,七九第一天
2099,2,14,星期六,2099,正月,廿五,己未,羊,2,丙寅,壬午,,,情人节,,,七九第二天
2099,2,15,星期日,2099,正月,廿六,己未,羊,2,丙寅,癸未,,,,,,七九第三天
2099,2,16,星期一,2099,正月,廿七,己未,羊,2,丙寅,甲申,,,,,,七九第四天
2099,2,17,星期二,2099,正月,廿八,己未,羊,2,丙寅,乙酉,,,,,,七九第五天
2099,2,18,星期三,2099,正月,廿九,己未,羊,2,丙寅,丙戌,雨水,16:52:06,,,,七九第六天
2099,2,19,星期四,2099,正月,三十,己未,羊,2,丙寅,丁亥,,,,,,七九第七天
2099,2,20,星期五,2099,二月,初一,己未,羊,2,丙寅,戊子,,,,,,七九第八天
2099,2,21,星期六,2099,二月,初二,己未,羊,2,丙寅,己丑,,,,龙抬头,,七九第九天
2099,2,22,星期日,2099,二月,初三,己未,羊,2,丙寅,庚寅,,,,,,八九第一天
2099,2,23,星期一,2099,二月,初四,己未,羊,2,丙寅,辛卯,,,,,,八九第二天
2099,2,24,星期二,2099,二月,初五,己未,羊,2,丙寅,壬辰,,,,,,八九第三天
2099,2,25,星期三,2099,二月,初六,己未,羊,2,丙寅,癸巳,,,,,,八九第四天
2099,2,26,星期四,2099,二月,初七,己未,羊,2,丙寅,甲午,,,,,,八九第五天
2099,2,27,星期五,2099,二月,初八,己未,羊,2,丙寅,乙未,,,,,,八九第六天
2099,2,28,星期六,2099,二月,初九,己未,羊,2,丙寅,丙申,,,,,,八九第七天
2099,3,1,星期日,2099,二月,初十,己未,羊,2,丙寅,丁酉,,,,,,八九第八天
2099,3,2,星期一,2099,二月,十一,己未,羊,2,丙寅,戊戌,,,,,,八九第九天
2099,3,3,星期二,2099,二月,十二,己未,羊,2,丙寅,己亥,,,,,,九九第一天
2099,3,4,星期三,2099,二月,十三,己未,羊,2,丙寅,庚子,,,,,,九九第二天
2099,3,5,星期四,2099,二月,十四,己未,羊,2,丁卯,辛丑,惊蛰,14:42:05,,,,九九第三天
2099,3,6,星期五,2099,二月,十五,己未,羊,2,丁卯,壬寅,,,,,,九九第四天
2099,3,7,星期六,2099,二月,十六,己未,羊,2,丁卯,癸卯,,,,,,九九第五天
2099,3,8,星期日,2099,二月,十七,己未,羊,2,丁卯,甲辰,,,妇女节,,,九九第六天
2099,3,9,星期一,2099,二月,十八,己未,羊,2,丁卯,乙巳,,,,,,九九第七天
2099,3,10,星期二,2099,二月,十九,己未,羊,2,丁卯,丙午,,,,,,九九第八天
2099,3,11,星期三,2099,二月,二十,己未,羊,2,丁卯,丁未,,,,,,九九第九天
2099,3,12,星期四,2099,二月,廿一,己未,羊,2,丁卯,戊申,,,植树节,,,
2099,3,13,星期五,2099,二月,廿二,己未,羊,2,丁卯,己酉,,,,,,
2099,3,14,星期六,2099,二月,廿三,己未,羊,2,丁卯,庚戌,,,,,,
2099,3,15,星期日,2099,二月,廿四,己未,羊,2,丁卯,辛亥,,,,,,
2099,3,16,星期一,2099,二月,廿五,己未,羊,2,丁卯,壬子,,,,,,
2099,3,17,星期二,2099,二月,廿六,己未,羊,2,丁卯,癸丑,,,,,,
2099,3,18,星期三,2099,二月,廿七,己未,羊,2,丁卯,甲寅,,,,,,
2099,3,19,星期四,2099,二月,廿八,己未,羊,2,丁卯,乙卯,,,,,,
2099,3,20,星期五,2099,二月,廿九,己未,羊,2,丁卯,丙辰,春分,15:17:10,,,,
2099,3,21,星期六,2099,二月,三十,己未,羊,2,丁卯,丁巳,,,,,,
2099,3,22,星期日,2099,闰二月,初一,己未,羊,2,丁卯,戊午,,,,,,
2099,3,23,星期一,2099,闰二月,初二,己未,羊,2,丁卯,己未,,,,,,
2099,3,24,星期二,2099,闰二月,初三,己未,羊,2,丁卯,庚申,,,,,,
2099,3,25,星期三,2099,闰二月,初四,己未,羊,2,丁卯,辛酉,,,,,,
2099,3,26,星期四,2099,闰二月,初五,己未,羊,2,丁卯,壬戌,,,,,,
2099,3,27,星期五,2099,闰二月,初六,己未,羊,2,丁卯,癸亥,,,,,,
2099,3,28,星期六,2099,闰二月,初七,己未,羊,2,丁卯,甲子,,,,,,
2099,3,29,星期日,2099,闰二月,初八,己未,羊,2,丁卯,乙丑,,,,,,
2099,3,30,星期一,2099,闰二月,初九,己未,羊,2,丁卯,丙寅,,,,,,
2099,3,31,星期二,2099,闰二月,初十,己未,羊,2,丁卯,丁卯,,,,,,
2099,4,1,星期三,2099,闰二月,十一,己未,羊,2,丁卯,戊辰,,,愚人节,,,
2099,4,2,星期四,2099,闰二月,十二,己未,羊,2,丁卯,己巳,,,,,,
2099,4,3,星期五,2099,闰二月,十三,己未,羊,2,丁卯,庚午,,,,,,
2099,4,4,星期六,2099,闰二月,十四,己未,羊,2,戊辰,辛未,清明,18:50:53,,,,
2099,4,5,星期日,2099,闰二月,十五,己未,羊,2,戊辰,壬申,,,,,,
2099,4,6,星期一,2099,闰二月,十六,己未,羊,2,戊辰,癸酉,,,,,,
2099,4,7,星期二,2099,闰二月,十七,己未,羊,2,戊辰,甲戌,,,,,,
2099,4,8,星期三,2099,闰二月,十八,己未,羊,2,戊辰,乙亥,,,,,,
2099,4,9,星期四,2099,闰二月,十九,己未,羊,2,戊辰,丙子,,,,,,
2099,4,10,星期五,2099,闰二月,二十,己未,羊,2,戊辰,丁丑,,,,,,
2099,4,11,星期六,2099,闰二月,廿一,己未,羊,2,戊辰,戊寅,,,,,,
2099,4,12,星期日,2099,闰二月,廿二,己未,羊,2,戊辰,己卯,,,,,,
2099,4,13,星期一,2099,闰二月,廿三,己未,羊,2,戊辰,庚辰,,,,,,
2099,4,14,星期二,2099,闰二月,廿四,己未,羊,2,戊辰,辛巳,,,,,,
2099,4,15,星期三,2099,闰二月,廿五,己未,羊,2,戊辰,壬午,,,,,,
2099,4,16,星期四,2099,闰二月,廿六,己未,羊,2,戊辰,癸未,,,,,,
2099,4,17,星期五,2099,闰二月,廿七,己未,羊,2,戊辰,甲申,,,,,,
2099,4,18,星期六,2099,闰二月,廿八,己未,羊,2,戊辰,乙酉,,,,,,
2099,4,19,星期日,2099,闰二月,廿九,己未,羊,2,戊辰,丙戌,,,,,,
2099,4,20,星期一,2099,三月,初一,己未,羊,2,戊辰,丁亥,谷雨,1:37:25,,,,
2099,4,21,星期二,2099,三月,初二,己未,羊,2,戊辰,戊子,,,,,,
2099,4,22,星期三,2099,三月,初三,己未,羊,2,戊辰,己丑,,,,,,
2099,4,23,星期四,2099,三月,初四,己未,羊,2,戊辰,庚寅,,,,,,
2099,4,24,星期五,2099,三月,初五,己未,羊,2,戊辰,辛卯,,,,,,
2099,4,25,星期六,2099,三月,初六,己未,羊,2,戊辰,壬辰,,,,,,
2099,4,26,星期日,2099,三月,初七,己未,羊,2,戊辰,癸巳,,,,,,
2099,4,27,星期一,2099,三月,初八,己未,羊,2,戊辰,甲午,,,,,,
2099,4,28,星期二,2099,三月,初九,己未,羊,2,戊辰,乙未,,,,,,
2099,4,29,星期三,2099,三月,初十,己未,羊,2,戊辰,丙申,,,,,,
2099,4,30,星期四,2099,三月,十一,己未,羊,2,戊辰,丁酉,,,,,,
2099,5,1,星期五,2099,三月,十二,己未,羊,2,戊辰,戊戌,,,劳动节,,,
2099,5,2,星期六,2099,三月,十三,己未,羊,2,戊辰,己亥,,,,,,
2099,5,3,星期日,2099,三月,十四,己未,羊,2,戊辰,庚子,,,,,,
2099,5,4,星期一,2099,三月,十五,己未,羊,2,戊辰,辛丑,,,青年节,,,
2099,5,5,星期二,2099,三月,十六,己未,羊,2,己巳,壬寅,立夏,11:28:31,,,,
2099,5,6,星期三,2099,三月,十七,己未,羊,2,己巳,癸卯,,,,,,
2099,5,7,星期四,2099,三月,十八,己未,羊,2,己巳,甲辰,,,,,,
2099,5,8,星期五,2099,三月,十九,己未,羊,2,己巳,乙巳,,,,,,
2099,5,9,星期六,2099,三月,二十,己未,羊,2,己巳,丙午,,,,,,
2099,5,10,星期日,2099,三月,廿一,己未,羊,2,己巳,丁未,,,,,母亲节,
2099,5,11,星期一,2099,三月,廿二,己未,羊,2,己巳,戊申,,,,,,
2099,5,12,星期二,2099,三月,廿三,己未,羊,2,己巳,己酉,,,,,,
2099,5,13,星期三,2099,三月,廿四,己未,羊,2,己巳,庚戌,,,,,,
2099,5,14,星期四,2099,三月,廿五,己未,羊,2,己巳,辛亥,,,,,,
2099,5,15,星期五,2099,三月,廿六,己未,羊,2,己巳,壬子,,,,,,
2099,5,16,星期六,2099,三月,廿七,己未,羊,2,己巳,癸丑,,,,,,
2099,5,17,星期日,2099,三月,廿八,己未,羊,2,己巳,甲寅,,,,,,
2099,5,18,星期一,2099,三月,廿九,己未,羊,2,己巳,乙卯,,,,,,
2099,5,19,星期二,2099,三月,三十,己未,羊,2,己巳,丙辰,,,,,,
2099,5,20,星期三,2099,四月,初一,己未,羊,2,己巳,丁巳,,,,,,
2099,5,21,星期四,2099,四月,初二,己未,羊,2,己巳,戊午,小满,0:07:46,,,,
2099,5,22,星期五,2099,四月,初三,己未,羊,2,己巳,己未,,,,,,
2099,5,23,星期六,2099,四月,初四,己未,羊,2,己巳,庚申,,,,,,
2099,5,24,星期日,2099,四月,初五,己未,羊,2,己巳,辛酉,,,,,,
2099,5,25,星期一,2099,四月,初六,己未,羊,2,己巳,壬戌,,,,,,
2099,5,26,星期二,2099,四月,初七,己未,羊,2,己巳,癸亥,,,,,,
2099,5,27,星期三,2099,四月,初八,己未,羊,2,己巳,甲子,,,,,,
2099,5,28,星期四,2099,四月,初九,己未,羊,2,己巳,乙丑,,,,,,
2099,5,29,星期五,2099,四月,初十,己未,羊,2,己巳,丙寅,,,,,,
2099,5,30,星期六,2099,四月,十一,己未,羊,2,己巳,丁卯,,,,,,
2099,5,31,星期日,2099,四月,十二,己未,羊,2,己巳,戊辰,,,,,,
2099,6,1,星期一,2099,四月,十三,己未,羊,2,己巳,己巳,,,儿童节,,,
2099,6,2,星期二,2099,四月,十四,己未,羊,2,己巳,庚午,,,,,,
2099,6,3,星期三,2099,四月,十五,己未,羊,2,己巳,辛未,,,,,,
2099,6,4,星期四,2099,四月,十六,己未,羊,2,己巳,壬申,,,,,,
2099,6,5,星期五,2099,四月,十七,己未,羊,2,庚午,癸酉,芒种,15:07:13,,,,
2099,6,6,星期六,2099,四月,十八,己未,羊,2,庚午,甲戌,,,,,,
2099,6,7,星期日,2099,四月,十九,己未,羊,2,庚午,乙亥,,,,,,
2099,6,8,星期一,2099,四月,二十,己未,羊,2,庚午,丙子,,,,,,
2099,6,9,星期二,2099,四月,廿一,己未,羊,2,庚午,丁丑,,,,,,
2099,6,10,星期三,2099,四月,廿二,己未,羊,2,庚午,戊寅,,,,,,
2099,6,11,星期四,2099,四月,廿三,己未,羊,2,庚午,己卯,,,,,,
2099,6,12,星期五,2099,四月,廿四,己未,羊,2,庚午,庚辰,,,,,,
2099,6,13,星期六,2099,四月,廿五,己未,羊,2,庚午,辛巳,,,,,,
2099,6,14,星期日,2099,四月,廿六,己未,羊,2,庚午,壬午,,,,,,
2099,6,15,星期一,2099,四月,廿七,己未,羊,2,庚午,癸未,,,,,,
2099,6,16,星期二,2099,四月,廿八,己未,羊,2,庚午,甲申,,,,,,
2099,6,17,星期三,2099,四月,廿九,己未,羊,2,庚午,乙酉,,,,,,
2099,6,18,星期四,2099,四月,三十,己未,羊,2,庚午,丙戌,,,,,,
2099,6,19,星期五,2099,五月,初一,己未,羊,2,庚午,丁亥,,,,,,
2099,6,20,星期六,2099,五月,初二,己未,羊,2,庚午,戊子,,,,,,
2099,6,21,星期日,2099,五月,初三,己未,羊,2,庚午,己丑,夏至,7:41:05,,,父亲节,
2099,6,22,星期一,2099,五月,初四,己未,羊,2,庚午,庚寅,,,,,,
2099,6,23,星期二,2099,五月,初五,己未,羊,2,庚午,辛卯,,,,端午节,,
2099,6,24,星期三,2099,五月,初六,己未,羊,2,庚午,壬辰,,,,,,
2099,6,25,星期四,2099,五月,初七,己未,羊,2,庚午,癸巳,,,,,,
2099,6,26,星期五,2099,五月,初八,己未,羊,2,庚午,甲午,,,,,,
2099,6,27,星期六,2099,五月,初九,己未,羊,2,庚午,乙未,,,,,,
2099,6,28,星期日,2099,五月,初十,己未,羊,2,庚午,丙申,,,,,,
2099,6,29,星期一,2099,五月,十一,己未,羊,2,庚午,丁酉,,,,,,
2099,6,30,星期二,2099,五月,十二,己未,羊,2,庚午,戊戌,,,,,,
2099,7,1,星期三,2099,五月,十三,己未,羊,2,庚午,己亥,,,建党节,,,
2099,7,2,星期四,2099,五月,十四,己未,羊,2,庚午,庚子,,,,,,
2099,7,3,星期五,2099,五月,十五,己未,羊,2,庚午,辛丑,,,,,,
2099,7,4,星期六,2099,五月,十六,己未,羊,2,庚午,壬寅,,,,,,
2099,7,5,星期日,2099,五月,十七,己未,羊,2,庚午,癸卯,,,,,,
2099,7,6,星期一,2099,五月,十八,己未,羊,2,庚午,甲辰,,,,,,
2099,7,7,星期二,2099,五月,十九,己未,羊,2,辛未,乙巳,小暑,1:11:09,,,,
2099,7,8,星期三,2099,五月,二十,己未,羊,2,辛未,丙午,,,,,,
2099,7,9,星期四,2099,五月,廿一,己未,羊,2,辛未,丁未,,,,,,
2099,7,10,星期五,2099,五月,廿二,己未,羊,2,辛未,戊申,,,,,,
2099,7,11,星期六,2099,五月,廿三,己未,羊,2,辛未,己酉,,,,,,
2099,7,12,星期日,2099,五月,廿四,己未,羊,2,辛未,庚戌,,,,,,初伏第一天
2099,7,13,星期一,2099,五月,廿五,己未,羊,2,辛未,辛亥,,,,,,初伏第二天
2099,7,14,星期二,2099,五月,廿六,己未,羊,2,辛未,壬子,,,,,,初伏第三天
2099,7,15,星期三,2099,五月,廿七,己未,羊,2,辛未,癸丑,,,,,,初伏第四天
2099,7,16,星期四,2099,五月,廿八,己未,羊,2,辛未,甲寅,,,,,,初伏第五天
2099,7,17,星期五,2099,五月,廿九,己未,羊,2,辛未,乙卯,,,,,,初伏第六天
2099,7,18,星期六,2099,六月,初一,己未,羊,2,辛未,丙辰,,,,,,初伏第七天
2099,7,19,星期日,2099,六月,初二,己未,羊,2,辛未,丁巳,,,,,,初伏第八天
2099,7,20,星期一,2099,六月,初三,己未,羊,2,辛未,戊午,,,,,,初伏第九天
2099,7,21,星期二,2099,六月,初四,己未,羊,2,辛未,己未,,,,,,初伏第十天
2099,7,22,星期三,2099,六月,初五,己未,羊,2,辛未,庚申,大暑,18:32:23,,,,中伏第一天
2099,7,23,星期四,2099,六月,初六,己未,羊,2,辛未,辛酉,,,,,,中伏第二天
2099,7,24,星期五,2099,六月,初七,己未,羊,2,辛未,壬戌,,,,,,中伏第三天
2099,7,25,星期六,2099,六月,初八,己未,羊,2,辛未,癸亥,,,,,,中伏第四天
2099,7,26,星期日,2099,六月,初九,己未,羊,2,辛未,甲子,,,,,,中伏第五天
2099,7,27,星期一,2099,六月,初十,己未,羊,2,辛未,乙丑,,,,,,中伏第六天
2099,7,28,星期二,2099,六月,十一,己未,羊,2,辛未,丙寅,,,,,,中伏第七天
2099,7,29,星期三,2099,六月,十二,己未,羊,2,辛未,丁卯,,,,,,中伏第八天
2099,7,30,星期四,2099,六月,十三,己未,羊,2,辛未,戊辰,,,,,,中伏第九天
2099,7,31,星期五,2099,六月,十四,己未,羊,2,辛未,己巳,,,,,,中伏第十天
2099,8,1,星期六,2099,六月,十五,己未,羊,2,辛未,庚午,,,建军节,,,闰中伏第一天
2099,8,2,星期日,2099,六月,十六,己未,羊,2,辛未,辛未,,,,,,闰中伏第二天
2099,8,3,星期一,2099,六月,十七,己未,羊,2,辛未,壬申,,,,,,闰中伏第三天
2099,8,4,星期二,2099,六月,十八,己未,羊,2,辛未,癸酉,,,,,,闰中伏第四天
2099,8,5,星期三,2099,六月,十九,己未,羊,2,辛未,甲戌,,,,,,闰中伏第五天
2099,8,6,星期四,2099,六月,二十,己未,羊,2,辛未,乙亥,,,,,,闰中伏第六天
2099,8,7,星期五,2099,六月,廿一,己未,羊,2,壬申,丙子,立秋,11:09:40,,,,闰中伏第七天
2099,8,8,星期六,2099,六月,廿二,己未,羊,2,壬申,丁丑,,,,,,闰中伏第八天
2099,8,9,星期日,2099,六月,廿三,己未,羊,2,壬申,戊寅,,,,,,闰中伏第九天
2099,8,10,星期一,2099,六月,廿四,己未,羊,2,壬申,己卯,,,,,,闰中伏第十天
2099,8,11,星期二,2099,六月,廿五,己未,羊,2,壬申,庚辰,,,,,,末伏第一天
2099,8,12,星期三,2099,六月,廿六,己未,羊,2,壬申,辛巳,,,,,,末伏第二天
2099,8,13,星期四,2099,六月,廿七,己未,羊,2,壬申,壬午,,,,,,末伏第三天
2099,8,14,星期五,2099,六月,廿八,己未,羊,2,壬申,癸未,,,,,,末伏第四天
2099,8,15,星期六,2099,六月,廿九,己未,羊,2,壬申,甲申,,,,,,末伏第五天
2099,8,16,星期日,2099,七月,初一,己未,羊,2,壬申,乙酉,,,,,,末伏第六天
2099,8,17,星期一,2099,七月,初二,己未,羊,2,壬申,丙戌,,,,,,末伏第七天
2099,8,18,星期二,2099,七月,初三,己未,羊,2,壬申,丁亥,,,,,,末伏第八天
2099,8,19,星期三,2099,七月,初四,己未,羊,2,壬申,戊子,,,,,,末伏第九天
2099,8,20,星期四,2099,七月,初五,己未,羊,2,壬申,己丑,,,,,,末伏第十天
2099,8,21,星期五,2099,七月,初六,己未,羊,2,壬申,庚寅,,,,,,
2099,8,22,星期六,2099,七月,初七,己未,羊,2,壬申,辛卯,,,,七夕,,
2099,8,23,星期日,2099,七月,初八,己未,羊,2,壬申,壬辰,处暑,1:56:34,,,,
2099,8,24,星期一,2099,七月,初九,己未,羊,2,壬申,癸巳,,,,,,
2099,8,25,星期二,2099,七月,初十,己未,羊,2,壬申,甲午,,,,,,
2099,8,26,星期三,2099,七月,十一,己未,羊,2,壬申,乙未,,,,,,
2099,8,27,星期四,2099,七月,十二,己未,羊,2,壬申,丙申,,,,,,
2099,8,28,星期五,2099,七月,十三,己未,羊,2,壬申,丁酉,,,,,,
2099,8,29,星期六,2099,七月,十四,己未,羊,2,壬申,戊戌,,,,,,
2099,8,30,星期日,2099,七月,十五,己未,羊,2,壬申,己亥,,,,,,
2099,8,31,星期一,2099,七月,十六,己未,羊,2,壬申,庚子,,,,,,
2099,9,1,星期二,2099,七月,十七,己未,羊,2,壬申,辛丑,,,,,,
2099,9,2,星期三,2099,七月,十八,己未,羊,2,壬申,壬寅,,,,,,
2099,9,3,星期四,2099,七月,十九,己未,羊,2,壬申,癸卯,,,,,,
2099,9,4,星期五,2099,七月,二十,己未,羊,2,壬申,甲辰,,,,,,
2099,9,5,星期六,2099,七月,廿一,己未,羊,2,壬申,乙巳,,,,,,
2099,9,6,星期日,2099,七月,廿二,己未,羊,2,壬申,丙午,,,,,,
2099,9,7,星期一,2099,七月,廿三,己未,羊,2,癸酉,丁未,白露,14:33:36,,,,
2099,9,8,星期二,2099,七月,廿四,己未,羊,2,癸酉,戊申,,,,,,
2099,9,9,星期三,2099,七月,廿五,己未,羊,2,癸酉,己酉,,,,,,
2099,9,10,星期四,2099,七月,廿六,己未,羊,2,癸酉,庚戌,,,,,,
2099,9,11,星期五,2099,七月,廿七,己未,羊,2,癸酉,辛亥,,,,,,
2099,9,12,星期六,2099,七月,廿八,己未,羊,2,癸酉,壬子,,,,,,
2099,9,13,星期日,2099,七月,廿九,己未,羊,2,癸酉,癸丑,,,,,,
2099,9,14,星期一,2099,七月,三十,己未,羊,2,癸酉,甲寅,,,,,,
2099,9,15,星期二,2099,八月,初一,己未,羊,2,癸酉,乙卯,,,,,,
2099,9,16,星期三,2099,八月,初二,己未,羊,2,癸酉,丙辰,,,,,,
2099,9,17,星期四,2099,八月,初三,己未,羊,2,癸酉,丁巳,,,,,,
2099,9,18,星期五,2099,八月,初四,己未,羊,2,癸酉,戊午,,,,,,
2099,9,19,星期六,2099,八月,初五,己未,羊,2,癸酉,己未,,,,,,
2099,9,20,星期日,2099,八月,初六,己未,羊,2,癸酉,庚申,,,,,,
2099,9,21,星期一,2099,八月,初七,己未,羊,2,癸酉,辛酉,,,,,,
2099,9,22,星期二,2099,八月,初八,己未,羊,2,癸酉,壬戌,,,,,,
2099,9,23,星期三,2099,八月,初九,己未,羊,2,癸酉,癸亥,秋分,0:10:33,农民丰收节,,,
2099,9,24,星期四,2099,八月,初十,己未,羊,2,癸酉,甲子,,,,,,
2099,9,25,星期五,2099,八月,十一,己未,羊,2,癸酉,乙丑,,,,,,
2099,9,26,星期六,2099,八月,十二,己未,羊,2,癸酉,丙寅,,,,,,
2099,9,27,星期日,2099,八月,十三,己未,羊,2,癸酉,丁卯,,,,,,
2099,9,28,星期一,2099,八月,十四,己未,羊,2,癸酉,戊辰,,,,,,
2099,9,29,星期二,2099,八月,十五,己未,羊,2,癸酉,己巳,,,,中秋节,,
2099,9,30,星期三,2099,八月,十六,己未,羊,2,癸酉,庚午,,,,,,
2099,10,1,星期四,2099,八月,十七,己未,羊,2,癸酉,辛未,,,国庆节,,,
2099,10,2,星期五,2099,八月,十八,己未,羊,2,癸酉,壬申,,,,,,
2099,10,3,星期六,2099,八月,十九,己未,羊,2,癸酉,癸酉,,,,,,
2099,10,4,星期日,2099,八月,二十,己未,羊,2,癸酉,甲戌,,,,,,
2099,10,5,星期一,2099,八月,廿一,己未,羊,2,癸酉,乙亥,,,,,,
2099,10,6,星期二,2099,八月,廿二,己未,羊,2,癸酉,丙子,,,,,,
2099,10,7,星期三,2099,八月,廿三,己未,羊,2,癸酉,丁丑,,,,,,
2099,10,8,星期四,2099,八月,廿四,己未,羊,2,甲戌,戊寅,寒露,6:51:38,,,,
2099,10,9,星期五,2099,八月,廿五,己未,羊,2,甲戌,己卯,,,,,,
2099,10,10,星期六,2099,八月,廿六,己未,羊,2,甲戌,庚辰,,,,,,
2099,10,11,星期日,2099,八月,廿七,己未,羊,2,甲戌,辛巳,,,,,,
2099,10,12,星期一,2099,八月,廿八,己未,羊,2,甲戌,壬午,,,,,,
2099,10,13,星期二,2099,八月,廿九,己未,羊,2,甲戌,癸未,,,,,,
2099,10,14,星期三,2099,九月,初一,己未,羊,2,甲戌,甲申,,,,,,
2099,10,15,星期四,2099,九月,初二,己未,羊,2,甲戌,乙酉,,,,,,
2099,10,16,星期五,2099,九月,初三,己未,羊,2,甲戌,丙戌,,,,,,
2099,10,17,星期六,2099,九月,初四,己未,羊,2,甲戌,丁亥,,,,,,
2099,10,18,星期日,2099,九月,初五,己未,羊,2,甲戌,戊子,,,,,,
2099,10,19,星期一,2099,九月,初六,己未,羊,2,甲戌,己丑,,,,,,
2099,10,20,星期二,2099,九月,初七,己未,羊,2,甲戌,庚寅,,,,,,
2099,10,21,星期三,2099,九月,初八,己未,羊,2,甲戌,辛卯,,,,,,
2099,10,22,星期四,2099,九月,初九,己未,羊,2,甲戌,壬辰,,,,重阳节,,
2099,10,23,星期五,2099,九月,初十,己未,羊,2,甲戌,癸巳,霜降,10:12:22,,,,
2099,10,24,星期六,2099,九月,十一,己未,羊,2,甲戌,甲午,,,,,,
2099,10,25,星期日,2099,九月,十二,己未,羊,2,甲戌,乙未,,,,,,
2099,10,26,星期一,2099,九月,十三,己未,羊,2,甲戌,丙申,,,,,,
2099,10,27,星期二,2099,九月,十四,己未,羊,2,甲戌,丁酉,,,,,,
2099,10,28,星期三,2099,九月,十五,己未,羊,2,甲戌,戊戌,,,,,,
2099,10,29,星期四,2099,九月,十六,己未,羊,2,甲戌,己亥,,,,,,
2099,10,30,星期五,2099,九月,十七,己未,羊,2,甲戌,庚子,,,,,,
2099,10,31,星期六,2099,九月,十八,己未,羊,2,甲戌,辛丑,,,万圣节,,,
2099,11,1,星期日,2099,九月,十九,己未,羊,2,甲戌,壬寅,,,,,,
2099,11,2,星期一,2099,九月,二十,己未,羊,2,甲戌,癸卯,,,,,,
2099,11,3,星期二,2099,九月,廿一,己未,羊,2,甲戌,甲辰,,,,,,
2099,11,4,星期三,2099,九月,廿二,己未,羊,2,甲戌,乙巳,,,,,,
2099,11,5,星期四,2099,九月,廿三,己未,羊,2,甲戌,丙午,,,,,,
2099,11,6,星期五,2099,九月,廿四,己未,羊,2,甲戌,丁未,,,,,,
2099,11,7,星期六,2099,九月,廿五,己未,羊,2,乙亥,戊申,立冬,10:42:05,,,,
2099,11,8,星期日,2099,九月,廿六,己未,羊,2,乙亥,己酉,,,,,,
2099,11,9,星期一,2099,九月,廿七,己未,羊,2,乙亥,庚戌,,,,,,
2099,11,10,星期二,2099,九月,廿八,己未,羊,2,乙亥,辛亥,,,,,,
2099,11,11,星期三,2099,九月,廿九,己未,羊,2,乙亥,壬子,,,,,,
2099,11,12,星期四,2099,十月,初一,己未,羊,2,乙亥,癸丑,,,,,,
2099,11,13,星期五,2099,十月,初二,己未,羊,2,乙亥,甲寅,,,,,,
2099,11,14,星期六,2099,十月,初三,己未,羊,2,乙亥,乙卯,,,,,,
2099,11,15,星期日,2099,十月,初四,己未,羊,2,乙亥,丙辰,,,,,,
2099,11,16,星期一,2099,十月,初五,己未,羊,2,乙亥,丁巳,,,,,,
2099,11,17,星期二,2099,十月,初六,己未,羊,2,乙亥,戊午,,,,,,
2099,11,18,星期三,2099,十月,初七,己未,羊,2,乙亥,己未,,,,,,
2099,11,19,星期四,2099,十月,初八,己未,羊,2,乙亥,庚申,,,,,,
2099,11,20,星期五,2099,十月,初九,己未,羊,2,乙亥,辛酉,,,,,,
2099,11,21,星期六,2099,十月,初十,己未,羊,2,乙亥,壬戌,,,,,,
2099,11,22,星期日,2099,十月,十一,己未,羊,2,乙亥,癸亥,小雪,8:22:04,,,,
2099,11,23,星期一,2099,十月,十二,己未,羊,2,乙亥,甲子,,,,,,
2099,11,24,星期二,2099,十月,十三,己未,羊,2,乙亥,乙丑,,,,,,
2099,11,25,星期三,2099,十月,十四,己未,羊,2,乙亥,丙寅,,,,,,
2099,11,26,星期四,2099,十月,十五,己未,羊,2,乙亥,丁卯,,,,,,
2099,11,27,星期五,2099,十月,十六,己未,羊,2,乙亥,戊辰,,,,,,
2099,11,28,星期六,2099,十月,十七,己未,羊,2,乙亥,己巳,,,,,,
2099,11,29,星期日,2099,十月,十八,己未,羊,2,乙亥,庚午,,,,,,
2099,11,30,星期一,2099,十月,十九,己未,羊,2,乙亥,辛未,,,,,,
2099,12,1,星期二,2099,十月,二十,己未,羊,2,乙亥,壬申,,,,,,
2099,12,2,星期三,2099,十月,廿一,己未,羊,2,乙亥,癸酉,,,,,,
2099,12,3,星期四,2099,十月,廿二,己未,羊,2,乙亥,甲戌,,,,,,
2099,12,4,星期五,2099,十月,廿三,己未,羊,2,乙亥,乙亥,,,,,,
2099,12,5,星期六,2099,十月,廿四,己未,羊,2,乙亥,丙子,,,,,,
2099,12,6,星期日,2099,十月,廿五,己未,羊,2,乙亥,丁丑,,,,,,
2099,12,7,星期一,2099,十月,廿六,己未,羊,2,丙子,戊寅,大雪,4:02:43,,,,
2099,12,8,星期二,2099,十月,廿七,己未,羊,2,丙子,己卯,,,,,,
2099,12,9,星期三,2099,十月,廿八,己未,羊,2,丙子,庚辰,,,,,,
2099,12,10,星期四,2099,十月,廿九,己未,羊,2,丙子,辛巳,,,,,,
2099,12,11,星期五,2099,十月,三十,己未,羊,2,丙子,壬午,,,,,,
2099,12,12,星期六,2099,冬月,初一,己未,羊,2,丙子,癸未,,,,,,
2099,12,13,星期日,2099,冬月,初二,己未,羊,2,丙子,甲申,,,,,,
2099,12,14,星期一,2099,冬月,初三,己未,羊,2,丙子,乙酉,,,,,,
2099,12,15,星期二,2099,冬月,初四,己未,羊,2,丙子,丙戌,,,,,,
2099,12,16,星期三,2099,冬月,初五,己未,羊,2,丙子,丁亥,,,,,,
2099,12,17,星期四,2099,冬月,初六,己未,羊,2,丙子,戊子,,,,,,
2099,12,18,星期五,2099,冬月,初七,己未,羊,2,丙子,己丑,,,,,,
2099,12,19,星期六,2099,冬月,初八,己未,羊,2,丙子,庚寅,,,,,,
2099,12,20,星期日,2099,冬月,初九,己未,羊,2,丙子,辛卯,,,,,,
2099,12,21,星期一,2099,冬月,初十,己未,羊,2,丙子,壬辰,冬至,22:03:47,,,,一九第一天
2099,12,22,星期二,2099,冬月,十一,己未,羊,2,丙子,癸巳,,,,,,一九第二天
2099,12,23,星期三,2099,冬月,十二,己未,羊,2,丙子,甲午,,,,,,一九第三天
2099,12,24,星期四,2099,冬月,十三,己未,羊,2,丙子,乙未,,,平安夜,,,一九第四天
2099,12,25,星期五,2099,冬月,十四,己未,羊,2,丙子,丙申,,,圣诞节,,,一九第五天
2099,12,26,星期六,2099,冬月,十五,己未,羊,2,丙子,丁酉,,,,,,一九第六天
2099,12,27,星期日,2099,冬月,十六,己未,羊,2,丙子,戊戌,,,,,,一九第七天
2099,12,28,星期一,2099,冬月,十七,己未,羊,2,丙子,己亥,,,,,,一九第八天
2099,12,29,星期二,2099,冬月,十八,己未,羊,2,丙子,庚子,,,,,,一九第九天
2099,12,30,星期三,2099,冬月,十九,己未,羊,2,丙子,辛丑,,,,,,二九第一天
2099,12,31,星期四,2099,冬月,二十,己未,羊,2,丙子,壬寅,,,,,,二九第二天
